id,title,genre,image_path
0,Цветы пиона на снегу. Том 3 + Плакат,Фэнтези,backend/data/images/0.jpg
1,"Система ""Спаси-Себя-Сам"" для Главного Злодея. Том 2. (книга+тату+открытка+кардхолдер)",Фэнтези,backend/data/images/1.jpg
2,Магистр дьявольского культа. Том 5,Фэнтези,backend/data/images/2.jpg
3,Во главе кошмаров. Коллекционное издание,Фэнтези,backend/data/images/3.jpg
4,Лисы округа Хансон,Фэнтези,backend/data/images/4.jpg
5,Охотясь на Аделин. Специальное издание,Любовные романы,backend/data/images/5.jpg
6,Озаренный Солнцем,Фэнтези,backend/data/images/6.jpg
7,Злодейский путь!.. Том 5,Фэнтези,backend/data/images/7.jpg
8,Солнце волка,Фэнтези,backend/data/images/8.jpg
9,Город Полумесяца. Дом Пламени и Тени (+ доп. история),Фэнтези,backend/data/images/9.jpg
10,Повелитель тайн. Книга 2,Фэнтези,backend/data/images/10.jpg
11,Принц Эльфхейма. Украденный наследник (#1),Фэнтези,backend/data/images/11.jpg
12,Железное пламя (обрез с узором),Фэнтези,backend/data/images/12.jpg
13,Система Спаси-Себя-Сам для Главного Злодея. Том 2,Фэнтези,backend/data/images/13.jpg
14,Лови момент,Любовные романы,backend/data/images/14.jpg
15,Спасти 6-го,Любовные романы,backend/data/images/15.jpg
16,Как поймать монстра. Круг второй,Книги,backend/data/images/16.jpg
17,Легенда о Чжаояо. Книга 2,Фэнтези,backend/data/images/17.jpg
18,"Вероломство друга, величие врага",Фэнтези,backend/data/images/18.jpg
19,Убийства и кексики. Детективное агентство «Благотворительный магазин» (#1),Детективный роман. Триллер,backend/data/images/19.jpg
20,Демон из Пустоши. Колдун Российской империи,Детективный роман. Триллер,backend/data/images/20.jpg
21,Мой темный Ромео,Любовные романы,backend/data/images/21.jpg
22,Клятвы мертвых птиц (коллекционное издание),Фэнтези,backend/data/images/22.jpg
23,Драфт,Любовные романы,backend/data/images/23.jpg
24,Колесо Времени. Книга 13: Башни Полуночи: роман,Фэнтези,backend/data/images/24.jpg
25,Безмолвное чтение. Том 1. Жюльен (лимитированное издание),Фэнтези,backend/data/images/25.jpg
26,Скрижаль Исет. Последний суд,Фэнтези,backend/data/images/26.jpg
27,Шолох. Витражи лесной столицы,Фэнтези,backend/data/images/27.jpg
28,Небесная собака. Спасение души несчастного. Том 2,Фэнтези,backend/data/images/28.jpg
29,Безупречный (переиздание),Книги,backend/data/images/29.jpg
30,Разрушительная ненависть,Любовные романы,backend/data/images/30.jpg
31,Короны Ниаксии. Змейка и крылья ночи. Книга первая из дилогии о ночерожденных,Фэнтези,backend/data/images/31.jpg
32,Железное пламя,Фэнтези,backend/data/images/32.jpg
33,Синий шепот. Книга 2,Фэнтези,backend/data/images/33.jpg
34,Безмолвное чтение. Том 1. Жюльен,Детективный роман. Триллер,backend/data/images/34.jpg
35,"Комплект ""Безмолвное чтение. Том 1"" и ""Красное и Чёрное""",Детективный роман. Триллер,backend/data/images/35.jpg
36,Два капитана,Классическая проза,backend/data/images/36.jpg
37,Золотые земли. Трилогия. Коллекционное издание с коробом,Фэнтези,backend/data/images/37.jpg
38,Четвертое крыло: роман,Фэнтези,backend/data/images/38.jpg
39,После бури,Современная проза,backend/data/images/39.jpg
40,Когда молчит море. Наследная Царевна,Фэнтези,backend/data/images/40.jpg
41,Король Ардена,Фэнтези,backend/data/images/41.jpg
42,Белая рыба. Сказания о Бай и Ю. Северное море,Фэнтези,backend/data/images/42.jpg
43,Мара и Морок. Трилогия,Фэнтези,backend/data/images/43.jpg
44,Стальная принцесса,Любовные романы,backend/data/images/44.jpg
45,Погребенные. Легенда о Маат,Фэнтези,backend/data/images/45.jpg
46,Благословение небожителей. Том 6,Фэнтези,backend/data/images/46.jpg
47,Ночь дракона,Современная проза,backend/data/images/47.jpg
48,Треки смерти,Детективный роман. Триллер,backend/data/images/48.jpg
49,Когда король падет,Фэнтези,backend/data/images/49.jpg
50,Злодейский путь!.. Том 4,Фэнтези,backend/data/images/50.jpg
51,Янтарь рассеивает тьму. Асдэм,Фэнтези,backend/data/images/51.jpg
52,Невместе,Любовные романы,backend/data/images/52.jpg
53,Красавицы Бостона. Распутник,Любовные романы,backend/data/images/53.jpg
54,Раша,Научная фантастика,backend/data/images/54.jpg
55,Красные моря под красными небесами,Фэнтези,backend/data/images/55.jpg
56,Имя ей Хель (книга+стикерпак),Фэнтези,backend/data/images/56.jpg
57,Магистр дьявольского культа. Том 2,Фэнтези,backend/data/images/57.jpg
58,Джанга с тенями. Коллекционное издание,Фэнтези,backend/data/images/58.jpg
59,Юми и укротитель кошмаров: роман,Фэнтези,backend/data/images/59.jpg
60,Охотясь на Аделин,Любовные романы,backend/data/images/60.jpg
61,Баллада о нефритовой кости. Книга 2,Фэнтези,backend/data/images/61.jpg
62,Планы на лето,Любовные романы,backend/data/images/62.jpg
63,Дюна,Научная фантастика,backend/data/images/63.jpg
64,Шарм,Фэнтези,backend/data/images/64.jpg
65,Странные игры,Детективный роман. Триллер,backend/data/images/65.jpg
66,Тайный архив Корсакова. Оккультный детектив,Детективный роман. Триллер,backend/data/images/66.jpg
67,Магистр дьявольского культа. Том 1,Фэнтези,backend/data/images/67.jpg
68,От первого лица: сборник рассказов,Современная проза,backend/data/images/68.jpg
69,Тысячи осеней. Том 1,Фэнтези,backend/data/images/69.jpg
70,Имя ей Хель,Фэнтези,backend/data/images/70.jpg
71,Ныряя в синеву небес. Том 2,Фэнтези,backend/data/images/71.jpg
72,Ныряя в синеву небес. Том 1,Фэнтези,backend/data/images/72.jpg
73,В Питере НЕжить,Фэнтези,backend/data/images/73.jpg
74,Проступок аббата Муре. Страница любви,Классическая проза,backend/data/images/74.jpg
75,Хитрости Локка Ламоры,Фэнтези,backend/data/images/75.jpg
76,Песнь Сорокопута. Ренессанс (коллекционное издание),Фэнтези,backend/data/images/76.jpg
77,Шолох. Тень разрастается,Фэнтези,backend/data/images/77.jpg
78,Алая вуаль,Книги,backend/data/images/78.jpg
79,Двойной латте в дождливый день (#1),Любовные романы,backend/data/images/79.jpg
80,Братья Хоторны,Детективный роман. Триллер,backend/data/images/80.jpg
81,Во главе кошмаров,Фэнтези,backend/data/images/81.jpg
82,Магистр дьявольского культа. Том 3,Фэнтези,backend/data/images/82.jpg
83,Благословение небожителей. Том 5,Фэнтези,backend/data/images/83.jpg
84,Граф Аверин. Колдун Российской империи,Детективный роман. Триллер,backend/data/images/84.jpg
85,Удержать 13-го,Любовные романы,backend/data/images/85.jpg
86,Императорский Див. Колдун Российской империи,Детективный роман. Триллер,backend/data/images/86.jpg
87,Серебряный змей в корнях сосны - 3,Фэнтези,backend/data/images/87.jpg
88,Преследуя Аделин. Специальное издание,Любовные романы,backend/data/images/88.jpg
89,Магистр дьявольского культа. Том 4,Фэнтези,backend/data/images/89.jpg
90,Ледяная фантазия,Фэнтези,backend/data/images/90.jpg
91,Завет воды: Роман,Современная проза,backend/data/images/91.jpg
92,Новая весна,Фэнтези,backend/data/images/92.jpg
93,Человек недостойный,Классическая проза,backend/data/images/93.jpg
94,Миля над землей,Любовные романы,backend/data/images/94.jpg
95,Ноттингем,Любовные романы,backend/data/images/95.jpg
96,"Три жизни, три мира. Десять ли персиковых цветков",Фэнтези,backend/data/images/96.jpg
97,Бесконечное Лето: Первая смена,Любовные романы,backend/data/images/97.jpg
98,Секрет льда,Любовные романы,backend/data/images/98.jpg
99,Секрет за секрет,Любовные романы,backend/data/images/99.jpg
100,Зацепить 13-го: роман,Любовные романы,backend/data/images/100.jpg
101,Елена Троянская,Исторические романы,backend/data/images/101.jpg
102,Кодекс Алеры. Книга 5. Фурии принцепса,Фэнтези,backend/data/images/102.jpg
103,"Похоронное бюро ""Хэйзел и Смит""",Научная фантастика,backend/data/images/103.jpg
104,Город костей,Фэнтези,backend/data/images/104.jpg
105,Любовное письмо,Любовные романы,backend/data/images/105.jpg
106,Благословение небожителей. Том 2,Фэнтези,backend/data/images/106.jpg
107,Идеальное попадание,Любовные романы,backend/data/images/107.jpg
108,За год до смерти я встретил тебя,Любовные романы,backend/data/images/108.jpg
109,"День, когда пала ночь",Фэнтези,backend/data/images/109.jpg
110,Благословение небожителей. Том 4,Фэнтези,backend/data/images/110.jpg
111,Грешник,Любовные романы,backend/data/images/111.jpg
112,Творец слез,Любовные романы,backend/data/images/112.jpg
113,Благословение небожителей. Том 1,Фэнтези,backend/data/images/113.jpg
114,Русалочка,Классическая проза,backend/data/images/114.jpg
115,Повелитель тайн. Книга 1,Фэнтези,backend/data/images/115.jpg
116,В темном омуте Дицзина,Фэнтези,backend/data/images/116.jpg
117,Благословение небожителей. Том 3,Фэнтези,backend/data/images/117.jpg
118,Последнее дело Холмса,Современная проза,backend/data/images/118.jpg
119,Мое пост-имаго,Фэнтези,backend/data/images/119.jpg
120,Боярышниковый лес,Современная проза,backend/data/images/120.jpg
121,Топить в огне бушующем печали. Том 1,Фэнтези,backend/data/images/121.jpg
122,Белая рыба. Сказания о Бай и Ю. Перья сороки,Фэнтези,backend/data/images/122.jpg
123,Дыхание. Смерть ринханто. Том II,Фэнтези,backend/data/images/123.jpg
124,"Все, что нас отравляет",Любовные романы,backend/data/images/124.jpg
125,Иллюзия правды. Король крестей,Любовные романы,backend/data/images/125.jpg
126,Братья. Книга 3: Завтрашний царь. Том 2: роман,Фэнтези,backend/data/images/126.jpg
127,Зверь: роман,Любовные романы,backend/data/images/127.jpg
128,Мастер и Маргарита: роман,Классическая проза,backend/data/images/128.jpg
129,Ловец Чудес,Фэнтези,backend/data/images/129.jpg
130,"Любовь серого оттенка. Свет, ставший ядом",Фэнтези,backend/data/images/130.jpg
131,Шатаут,Любовные романы,backend/data/images/131.jpg
132,Кинжал и монета. Книга 1. Путь дракона,Фэнтези,backend/data/images/132.jpg
133,Лавка паланкинов,Фэнтези,backend/data/images/133.jpg
134,У вас нет других нас. Шторм Z,Биографии других известных людей,backend/data/images/134.jpg
135,Война потерянных сердец. Книга 2. Дети павших богов,Фэнтези,backend/data/images/135.jpg
136,Территория чудовищ. Путеводитель для осторожных туристов,Фэнтези,backend/data/images/136.jpg
137,Небо примет лучших. Второй шаг.,Фэнтези,backend/data/images/137.jpg
138,Подкати ко мне нежно,Любовные романы,backend/data/images/138.jpg
139,Мой театр. Книга II,Деятели культуры и искусства,backend/data/images/139.jpg
140,Канашибари. Пока не погаснет последний фонарь. Том 1,Фэнтези,backend/data/images/140.jpg
141,Запрети любить,Любовные романы,backend/data/images/141.jpg
142,Десять поколений,Современная проза,backend/data/images/142.jpg
143,Дневники. Диана Арбенина,Музыканты,backend/data/images/143.jpg
144,Несомненно счастливый конец. Книга 2,Любовные романы,backend/data/images/144.jpg
145,Твое сердце будет разбито,Любовные романы,backend/data/images/145.jpg
146,Дар Имуги. 1. Сделка на смерть,Фэнтези,backend/data/images/146.jpg
147,Династия Одуванчика. Книга 2. Стена Бурь,Фэнтези,backend/data/images/147.jpg
148,Аптека сердечных дел семьи Ботеро,Фэнтези,backend/data/images/148.jpg
149,Гадючий Яр,Мистика. Ужасы,backend/data/images/149.jpg
150,Сыны Тьмы,Фэнтези,backend/data/images/150.jpg
151,Красная карма,Детективный роман. Триллер,backend/data/images/151.jpg
152,Из пепла,Любовные романы,backend/data/images/152.jpg
153,Мастер и Маргарита,Классическая проза,backend/data/images/153.jpg
154,Комплект в 2-х томах «Государи Московские. Святая Русь»,Исторические романы,backend/data/images/154.jpg
155,Израненное сердце (#4),Любовные романы,backend/data/images/155.jpg
156,Шах и мат,Любовные романы,backend/data/images/156.jpg
157,Семья для чемпиона,Любовные романы,backend/data/images/157.jpg
158,Принцесса ветра и мести,Фэнтези,backend/data/images/158.jpg
159,Восемь лет с «Вагнером»: очерки и рассказы,Современная проза,backend/data/images/159.jpg
160,Цветы пиона на снегу. Том 2,Фэнтези,backend/data/images/160.jpg
161,Игра в нападении,Любовные романы,backend/data/images/161.jpg
162,Путешествие к вратам мудрости: Роман,Современная проза,backend/data/images/162.jpg
163,Красная линия,Любовные романы,backend/data/images/163.jpg
164,Ритуал,Фэнтези,backend/data/images/164.jpg
165,Марь,Мистика. Ужасы,backend/data/images/165.jpg
166,Развеянные чары,Классическая проза,backend/data/images/166.jpg
167,Ваш покорный слуга кот,Классическая проза,backend/data/images/167.jpg
168,Петр Первый,Классическая проза,backend/data/images/168.jpg
169,Клинки города ярости (#3),Фэнтези,backend/data/images/169.jpg
170,Темная сторона. Маг,Фэнтези,backend/data/images/170.jpg
171,Мрачный Жнец,Фэнтези,backend/data/images/171.jpg
172,Кодекс Алеры. Книга 4. Фурии командира,Фэнтези,backend/data/images/172.jpg
173,Совершенные. Монстр должен умереть,Фэнтези,backend/data/images/173.jpg
174,Колесо Времени. Книга 12: Грядущая буря: роман,Фэнтези,backend/data/images/174.jpg
175,Смоль и сапфиры (#1),Фэнтези,backend/data/images/175.jpg
176,Сшитое сердце,Современная проза,backend/data/images/176.jpg
177,Это всегда был он,Любовные романы,backend/data/images/177.jpg
178,Война роз. Книга 2. Троица: роман,Исторические романы,backend/data/images/178.jpg
179,Аватар короля. Молодые таланты. Книга 3,Фэнтези,backend/data/images/179.jpg
180,Йеллоуфейс,Детективный роман. Триллер,backend/data/images/180.jpg
181,Косточка с вишней,Любовные романы,backend/data/images/181.jpg
182,Исповедь,Любовные романы,backend/data/images/182.jpg
183,Влюбленные сердца комплект (подарочное оформление),Любовные романы,backend/data/images/183.jpg
184,Непокорные,Современная проза,backend/data/images/184.jpg
185,Девять царств: Госпожа Жемчужина,Фэнтези,backend/data/images/185.jpg
186,Портрет Дориана Грея,Классическая проза,backend/data/images/186.jpg
187,Лигейя,Классическая проза,backend/data/images/187.jpg
188,"Удушающая сладость, заиндевелый пепел. Книга 2",Фэнтези,backend/data/images/188.jpg
189,По осколкам твоего сердца,Любовные романы,backend/data/images/189.jpg
190,Вечность и Тлен,Фэнтези,backend/data/images/190.jpg
191,"Все, способные держать оружие... Штурмфогель",Научная фантастика,backend/data/images/191.jpg
192,Клуб самоубийц. Странная история доктора Джекила и мистера Хайда. Полное собрание малой прозы,Классическая проза,backend/data/images/192.jpg
193,Лазурный берег,Любовные романы,backend/data/images/193.jpg
194,Убийство в заброшенном подземелье,Детективный роман. Триллер,backend/data/images/194.jpg
195,Когда земли окутает мрак,Фэнтези,backend/data/images/195.jpg
196,Хулиган,Любовные романы,backend/data/images/196.jpg
197,Магазин шаговой недоступности,Фэнтези,backend/data/images/197.jpg
198,Гвианские робинзоны,Классическая проза,backend/data/images/198.jpg
199,Через пески,Научная фантастика,backend/data/images/199.jpg
200,Зимняя бегония. Том 1,Современная проза,backend/data/images/200.jpg
201,Дюна,Научная фантастика,backend/data/images/201.jpg
202,Миллион поцелуев в твоей жизни,Любовные романы,backend/data/images/202.jpg
203,Девять хвостов бессмертного мастера. Том 3,Фэнтези,backend/data/images/203.jpg
204,Пять жизней и одна смерть,Детективный роман. Триллер,backend/data/images/204.jpg
205,Огонь,Любовные романы,backend/data/images/205.jpg
206,Элизиум,Фэнтези,backend/data/images/206.jpg
207,Идеальный дуэт. Ария (#1),Любовные романы,backend/data/images/207.jpg
208,Мой театр. Книга 1,Деятели культуры и искусства,backend/data/images/208.jpg
209,Академия Метаморфоз. Ученица Ворона,Фэнтези,backend/data/images/209.jpg
210,"Прачечная, стирающая печали: роман",Современная проза,backend/data/images/210.jpg
211,Анатомия призраков,Исторический детектив,backend/data/images/211.jpg
212,Братья. Книга 3. Завтрашний царь. Том 1,Фэнтези,backend/data/images/212.jpg
213,Парни из Манчестера. Чувствуй себя как хочешь,Любовные романы,backend/data/images/213.jpg
214,Смешарики. История культовой Вселенной,Бизнесмены. Истории компаний и брендов,backend/data/images/214.jpg
215,На крыльях любви. Лебедь,Любовные романы,backend/data/images/215.jpg
216,Мастер и Маргарита,Классическая проза,backend/data/images/216.jpg
217,Через пламя и ночь,Фэнтези,backend/data/images/217.jpg
218,Царство Проклятых,Фэнтези,backend/data/images/218.jpg
219,Война и потусторонний мир,Фэнтези,backend/data/images/219.jpg
220,Ранчо одиноких сердец,Любовные романы,backend/data/images/220.jpg
221,Жизнь коротка. Быстрые деньги,Детективный роман. Триллер,backend/data/images/221.jpg
222,Преследуя Аделин,Любовные романы,backend/data/images/222.jpg
223,Принцесса Торн,Любовные романы,backend/data/images/223.jpg
224,Охотник. Роман,Детективный роман. Триллер,backend/data/images/224.jpg
225,Старомодная девушка. Роза в цвету,Классическая проза,backend/data/images/225.jpg
226,Корона Чёрного Солнца (#2),Книги,backend/data/images/226.jpg
227,Князь Света. Порождения Света и Тьмы (иллюстрации Hekkil),Фэнтези,backend/data/images/227.jpg
228,Кадавры,Современная проза,backend/data/images/228.jpg
229,Виноградные грезы. Обрести и сохранить,Любовные романы,backend/data/images/229.jpg
230,Безмятежный лотос и турнир заклинателей,Фэнтези,backend/data/images/230.jpg
231,Мистер Рипли: Все романы,Детективный роман. Триллер,backend/data/images/231.jpg
232,Навсегда в моём сердце. Больше чем любовь (#1),Любовные романы,backend/data/images/232.jpg
233,Аккорд: роман,Любовные романы,backend/data/images/233.jpg
234,Дежавю,Детективный роман. Триллер,backend/data/images/234.jpg
235,Амаранты. 2. Одаренный,Фэнтези,backend/data/images/235.jpg
236,Дьявольская любовь,Любовные романы,backend/data/images/236.jpg
237,Ты - моя ошибка,Любовные романы,backend/data/images/237.jpg
238,Призрак Оперы,Классическая проза,backend/data/images/238.jpg
239,Убивая тени,Фэнтези,backend/data/images/239.jpg
240,Слишком поздно,Любовные романы,backend/data/images/240.jpg
241,Происшествие в городе Т.,Детективный роман. Триллер,backend/data/images/241.jpg
242,Она и ее кот,Фэнтези,backend/data/images/242.jpg
243,1984 (новый перевод),Классическая проза,backend/data/images/243.jpg
244,Грех и дух,Фэнтези,backend/data/images/244.jpg
245,Хтонь в пальто. Какими мы стали,Фэнтези,backend/data/images/245.jpg
246,Под слезами Бостона. Дьявол не спит,Любовные романы,backend/data/images/246.jpg
247,Архивы Дрездена. Поле боя. Сочельник,Фэнтези,backend/data/images/247.jpg
248,Трон сломленных богов (#2),Фэнтези,backend/data/images/248.jpg
249,Наследница черного дракона,Фэнтези,backend/data/images/249.jpg
250,Лионесс. Том I. Сад принцессы Сульдрун,Фэнтези,backend/data/images/250.jpg
251,Sex-дневник Кати Морозовой,Любовные романы,backend/data/images/251.jpg
252,Тоннель. Роман,Современная проза,backend/data/images/252.jpg
253,Ртуть,Научная фантастика,backend/data/images/253.jpg
254,Чудеса Дивнозёрья,Фэнтези,backend/data/images/254.jpg
255,Особенности воспитания небожителей,Фэнтези,backend/data/images/255.jpg
256,Мой враг по переписке,Современная проза,backend/data/images/256.jpg
257,Самая страшная книга. Беспредел,Мистика. Ужасы,backend/data/images/257.jpg
258,Обещание сердца,Любовные романы,backend/data/images/258.jpg
259,Как поймать монстра. Круг первый,Мистика. Ужасы,backend/data/images/259.jpg
260,Разбей сердце принцессы,Любовные романы,backend/data/images/260.jpg
261,Пушки острова Наварон,Приключения,backend/data/images/261.jpg
262,Вавилонская башня: роман,Современная проза,backend/data/images/262.jpg
263,Целительница Цзюнь,Фэнтези,backend/data/images/263.jpg
264,Плохие дети,Детективный роман. Триллер,backend/data/images/264.jpg
265,Все закончится на нас (лимитированное издание),Любовные романы,backend/data/images/265.jpg
266,Сливовый календарь любви,Классическая проза,backend/data/images/266.jpg
267,Слепящий нож,Фэнтези,backend/data/images/267.jpg
268,Никто никогда не вернет 2007. История Первого Альтернативного,Музыканты,backend/data/images/268.jpg
269,Крылья пламени,Фэнтези,backend/data/images/269.jpg
270,Вопреки и навсегда. Месть Красного Дракона: роман,Любовные романы,backend/data/images/270.jpg
271,Мастер и Маргарита,Классическая проза,backend/data/images/271.jpg
272,Лигейя,Классическая проза,backend/data/images/272.jpg
273,Грозовой перевал,Классическая проза,backend/data/images/273.jpg
274,Шатун. Казачий князь,Фантастический боевик,backend/data/images/274.jpg
275,Мрачный Взвод. Пробуждение Нави,Фэнтези,backend/data/images/275.jpg
276,Цитоник,Фэнтези,backend/data/images/276.jpg
277,Прирожденный профайлер,Современная проза,backend/data/images/277.jpg
278,Некромант-одиночка. Новелла. Том 3,Фэнтези,backend/data/images/278.jpg
279,Услуга за услугу,Любовные романы,backend/data/images/279.jpg
280,Во власти любви,Любовные романы,backend/data/images/280.jpg
281,Потерянные боги,Фэнтези,backend/data/images/281.jpg
282,В лесу,Боевик. Криминальный роман. Военный роман,backend/data/images/282.jpg
283,Детская книга: роман,Современная проза,backend/data/images/283.jpg
284,Ловушка для дьявола,Детективный роман. Триллер,backend/data/images/284.jpg
285,Новый Вавилон,Другие жанры фантастики,backend/data/images/285.jpg
286,Испорченный король,Любовные романы,backend/data/images/286.jpg
287,Обещанная богу солнца,Любовные романы,backend/data/images/287.jpg
288,Спеши любить,Любовные романы,backend/data/images/288.jpg
289,Мартин Иден,Классическая проза,backend/data/images/289.jpg
290,"Тот, кто живет в колодце",Мистика. Ужасы,backend/data/images/290.jpg
291,Академия бездарностей. Танец под дождем,Фэнтези,backend/data/images/291.jpg
292,Тайна чёрного волка (#2),Книги,backend/data/images/292.jpg
293,Лавр : роман,Современная проза,backend/data/images/293.jpg
294,Ярость,Детективный роман. Триллер,backend/data/images/294.jpg
295,Девчата. Полное собрание сочинений,Классическая проза,backend/data/images/295.jpg
296,Элиас,Современная проза,backend/data/images/296.jpg
297,Гипотеза любви,Любовные романы,backend/data/images/297.jpg
298,Война конца света,Современная проза,backend/data/images/298.jpg
299,Тайная история,Современная проза,backend/data/images/299.jpg
300,Северный лес,Современная проза,backend/data/images/300.jpg
301,Капитан Алатристе,Приключения,backend/data/images/301.jpg
302,"Трое в одной лодке, не считая собаки. Трое на четырех колесах",Классическая проза,backend/data/images/302.jpg
303,Парни из Манчестера. Я за твоей спиной,Любовные романы,backend/data/images/303.jpg
304,Собаки и другие люди,Современная проза,backend/data/images/304.jpg
305,Когда горит огонь,Любовные романы,backend/data/images/305.jpg
306,Жизнь на продажу,Современная проза,backend/data/images/306.jpg
307,Триумфальная арка,Классическая проза,backend/data/images/307.jpg
308,Тирания веры,Фэнтези,backend/data/images/308.jpg
309,Вишневый сад,Классическая проза,backend/data/images/309.jpg
310,Война потерянных сердец. Книга 1. Дочь всех миров,Фэнтези,backend/data/images/310.jpg
311,Самая страшная книга. Заступа. Все оттенки падали,Мистика. Ужасы,backend/data/images/311.jpg
312,Пионовый фонарь,Классическая проза,backend/data/images/312.jpg
313,Ветер и Луна не подходят друг другу,Фэнтези,backend/data/images/313.jpg
314,Дюна,Научная фантастика,backend/data/images/314.jpg
315,Ариадна Стим. Механический гений сыска,Детективный роман. Триллер,backend/data/images/315.jpg
316,Магия вернется в понедельник,Детективный роман. Триллер,backend/data/images/316.jpg
317,Дом пламенных клятв (#3),Фэнтези,backend/data/images/317.jpg
318,Vita Nostra,Фэнтези,backend/data/images/318.jpg
319,Ключ к нашей тайне,Детективный роман. Триллер,backend/data/images/319.jpg
320,Окно призрака,Фэнтези,backend/data/images/320.jpg
321,Гордость и предубеждение,Классическая проза,backend/data/images/321.jpg
322,"Мальчик, который рисовал тени",Исторический детектив,backend/data/images/322.jpg
323,Вор звездной пыли,Фэнтези,backend/data/images/323.jpg
324,Затерянный книжный,Современная проза,backend/data/images/324.jpg
325,Мой темный Ромео,Любовные романы,backend/data/images/325.jpg
326,Волна огня,Приключения,backend/data/images/326.jpg
327,Каменные человечки,Детективный роман. Триллер,backend/data/images/327.jpg
328,Кроваво-красные бисквиты,Детективный роман. Триллер,backend/data/images/328.jpg
329,Убить пересмешника…,Классическая проза,backend/data/images/329.jpg
330,"""Зайчик"" и другие рассказы",Мистика. Ужасы,backend/data/images/330.jpg
331,Призраки. Вечные истории. Young Adult,Классическая проза,backend/data/images/331.jpg
332,Никогде,Фэнтези,backend/data/images/332.jpg
333,Мрачный Взвод. Двенадцать дней Коляды,Фэнтези,backend/data/images/333.jpg
334,Магия белых ночей,Фэнтези,backend/data/images/334.jpg
335,Трещины и гвозди,Любовные романы,backend/data/images/335.jpg
336,Война роз. Кн. 1. Буревестник,Исторические романы,backend/data/images/336.jpg
337,Комплект Сон в красном тереме. Том 1. Том 2 (2 книги),Классическая проза,backend/data/images/337.jpg
338,Шолох. Теневые блики,Фэнтези,backend/data/images/338.jpg
339,Когда отцветает камелия: роман,Фэнтези,backend/data/images/339.jpg
340,Две мелодии сердца. Путеводитель влюблённого пессимиста (#2),Любовные романы,backend/data/images/340.jpg
341,Десять негритят,Детективный роман. Триллер,backend/data/images/341.jpg
342,Таинственный сад,Классическая проза,backend/data/images/342.jpg
343,Храм Темного предка,Детективный роман. Триллер,backend/data/images/343.jpg
344,Три товарища,Классическая проза,backend/data/images/344.jpg
345,"Лето, когда мы пропали",Любовные романы,backend/data/images/345.jpg
346,Славгород,Фэнтези,backend/data/images/346.jpg
347,Последний Словотворец. Кровь Первых: фантастический роман,Фэнтези,backend/data/images/347.jpg
348,Фейри-убийца,Детективный роман. Триллер,backend/data/images/348.jpg
349,Увидимся в августе,Современная проза,backend/data/images/349.jpg
350,Небесная собака. Том 1. Спасение души несчастного,Фэнтези,backend/data/images/350.jpg
351,Тайна черного дракона,Фэнтези,backend/data/images/351.jpg
352,Мы,Классическая проза,backend/data/images/352.jpg
353,Поклонник,Любовные романы,backend/data/images/353.jpg
354,Золотая невеста,Фэнтези,backend/data/images/354.jpg
355,Мрачный Взвод. Ведьмин час,Фэнтези,backend/data/images/355.jpg
356,Правда зеркала,Фэнтези,backend/data/images/356.jpg
357,Цветы пиона на снегу. Том 1: роман,Фэнтези,backend/data/images/357.jpg
358,Рыбка. Второй поцелуй,Любовные романы,backend/data/images/358.jpg
359,"Большая грудь, широкий зад",Современная проза,backend/data/images/359.jpg
360,Книжная лавка грёз,Современная проза,backend/data/images/360.jpg
361,Повелитель мух,Классическая проза,backend/data/images/361.jpg
362,Небесное чудовище,Фэнтези,backend/data/images/362.jpg
363,"Кровавый меридиан, или Закатный багрянец на западе",Современная проза,backend/data/images/363.jpg
364,Право налево,Современная проза,backend/data/images/364.jpg
365,Князь тьмы. Полная история Мастера и Маргариты,Классическая проза,backend/data/images/365.jpg
366,Черные платья,Современная проза,backend/data/images/366.jpg
367,Клуб самоубийц,Классическая проза,backend/data/images/367.jpg
368,Счет,Любовные романы,backend/data/images/368.jpg
369,Поклонник,Любовные романы,backend/data/images/369.jpg
370,Собор Парижской Богоматери,Классическая проза,backend/data/images/370.jpg
371,"Жареные зеленые помидоры в кафе ""Полустанок""",Современная проза,backend/data/images/371.jpg
372,Вечная жизнь Смерти,Научная фантастика,backend/data/images/372.jpg
373,Зеленый свет,Деятели культуры и искусства,backend/data/images/373.jpg
374,В лабиринтах лжи,Фэнтези,backend/data/images/374.jpg
375,Эмма. Вечные истории,Классическая проза,backend/data/images/375.jpg
376,Любимая адептка его величества. Книга 3,Фэнтези,backend/data/images/376.jpg
377,Эмма,Классическая проза,backend/data/images/377.jpg
378,Звезда Авроры,Фэнтези,backend/data/images/378.jpg
379,"Лорд, который влюбился. Тайный жених",Фэнтези,backend/data/images/379.jpg
380,Моя милая ужасная невеста,Фэнтези,backend/data/images/380.jpg
381,Восхитительная ведьма,Любовные романы,backend/data/images/381.jpg
382,Эпоха Древних,Фэнтези,backend/data/images/382.jpg
383,На минном поле расцвели сады. Сила нежных стихов,Поэзия,backend/data/images/383.jpg
384,Мессия Дюны. Дети Дюны,Научная фантастика,backend/data/images/384.jpg
385,О дивный новый мир,Классическая проза,backend/data/images/385.jpg
386,Рилла из Инглсайда,Классическая проза,backend/data/images/386.jpg
387,Генрих VIII. Жизнь королевского двора,Исторические и общественные деятели,backend/data/images/387.jpg
388,Призрак Оперы,Классическая проза,backend/data/images/388.jpg
389,Лихо. Двенадцать железных цепей,Фэнтези,backend/data/images/389.jpg
390,Скрижаль Исет. Грешные души,Фэнтези,backend/data/images/390.jpg
391,Лолита,Классическая проза,backend/data/images/391.jpg
392,Маленькие женщины,Классическая проза,backend/data/images/392.jpg
393,Аркан дьявола,Фэнтези,backend/data/images/393.jpg
394,Ночи дождей и звезд: роман,Современная проза,backend/data/images/394.jpg
395,Несудьба,Любовные романы,backend/data/images/395.jpg
396,Плата за мир. Змеиное княжество,Фэнтези,backend/data/images/396.jpg
397,Странность,Научная фантастика,backend/data/images/397.jpg
398,На Западном фронте без перемен,Классическая проза,backend/data/images/398.jpg
399,Задача трех тел,Научная фантастика,backend/data/images/399.jpg
400,Ветер Дивнозёрья,Фэнтези,backend/data/images/400.jpg
401,Щегол,Современная проза,backend/data/images/401.jpg
402,Когда заканчиваются сказки,Фэнтези,backend/data/images/402.jpg
403,Несущая смерть,Фэнтези,backend/data/images/403.jpg
404,Погребенные: роман,Любовные романы,backend/data/images/404.jpg
405,Церемония жизни,Современная проза,backend/data/images/405.jpg
406,Двойные листочки,Любовные романы,backend/data/images/406.jpg
407,Преступление и наказание,Классическая проза,backend/data/images/407.jpg
408,Сегун,Исторические романы,backend/data/images/408.jpg
409,Nomen nescio. Имя неизвестно,Мистика. Ужасы,backend/data/images/409.jpg
410,Нарушая правила,Любовные романы,backend/data/images/410.jpg
411,Аня и Долина Радуг,Классическая проза,backend/data/images/411.jpg
412,Возрождение,Мистика. Ужасы,backend/data/images/412.jpg
413,Я обязательно уволюсь,Современная проза,backend/data/images/413.jpg
414,Спартанец,Исторические романы,backend/data/images/414.jpg
415,Звезда Черного дракона,Фэнтези,backend/data/images/415.jpg
416,1984. Скотный двор,Классическая проза,backend/data/images/416.jpg
417,Слишком поздно,Любовные романы,backend/data/images/417.jpg
418,Сад расходящихся тропок. Алеф. Полное собрание рассказов,Классическая проза,backend/data/images/418.jpg
419,Твое сердце будет разбито,Любовные романы,backend/data/images/419.jpg
420,Смерть в пионерском галстуке,Детективный роман. Триллер,backend/data/images/420.jpg
421,Темные проемы. Тайные дела,Мистика. Ужасы,backend/data/images/421.jpg
422,Трилогия Харканаса. Книга 1. Кузница Тьмы,Фэнтези,backend/data/images/422.jpg
423,Летнее предложение,Любовные романы,backend/data/images/423.jpg
424,Пикник на обочине,Научная фантастика,backend/data/images/424.jpg
425,Песнь пророка,Современная проза,backend/data/images/425.jpg
426,Норвежский лес,Современная проза,backend/data/images/426.jpg
427,"Жизнь взаймы, или У неба любимчиков нет",Классическая проза,backend/data/images/427.jpg
428,Долгая дорога в дюнах,Классическая проза,backend/data/images/428.jpg
429,Восхитительная ведьма,Любовные романы,backend/data/images/429.jpg
430,Песок: роман,Научная фантастика,backend/data/images/430.jpg
431,Соблазнительные изгибы,Любовные романы,backend/data/images/431.jpg
432,Королевская кровь. Горький пепел. Cтальные небеса,Фэнтези,backend/data/images/432.jpg
433,Любовь пахнет понедельником,Любовные романы,backend/data/images/433.jpg
434,Хороших девочек не убивают,Детективный роман. Триллер,backend/data/images/434.jpg
435,Дебютная постановка. Том 2,Детективный роман. Триллер,backend/data/images/435.jpg
436,Как читать книги: Роман,Современная проза,backend/data/images/436.jpg
437,"Друзья, любимые и одна большая ужасная вещь. Автобиография",Деятели культуры и искусства,backend/data/images/437.jpg
438,Усопшие. Shiki. Книга 1,Фэнтези,backend/data/images/438.jpg
439,Три года в аду. Как Светлана Богачева украла мою жизнь,Биографии других известных людей,backend/data/images/439.jpg
440,Спартак: Историческая повесть из VII века Римской эры,Классическая проза,backend/data/images/440.jpg
441,По осколкам твоего сердца,Любовные романы,backend/data/images/441.jpg
442,Государи Московские. Ветер времени. Отречение: романы,Исторические романы,backend/data/images/442.jpg
443,"Что-то не так с Гэлвинами. Идеальная семья, разрушенная безумием",Современная проза,backend/data/images/443.jpg
444,Некромант-одиночка. Новелла. Том 2,Фэнтези,backend/data/images/444.jpg
445,Первый раунд,Любовные романы,backend/data/images/445.jpg
446,Служебный роман,Классическая проза,backend/data/images/446.jpg
447,"Я стала злодейкой в романе, но не помню в каком",Фэнтези,backend/data/images/447.jpg
448,Первая жертва,Детективный роман. Триллер,backend/data/images/448.jpg
449,Похвали меня,Любовные романы,backend/data/images/449.jpg
450,Киберспортсмен и недотрога,Любовные романы,backend/data/images/450.jpg
451,Понедельник начинается в субботу: сказка для научных работников младшего возраста,Научная фантастика,backend/data/images/451.jpg
452,Пробуждение куклы,Мистика. Ужасы,backend/data/images/452.jpg
453,Великий Гэтсби,Классическая проза,backend/data/images/453.jpg
454,Природа Средиземья,Фэнтези,backend/data/images/454.jpg
455,Американские боги,Фэнтези,backend/data/images/455.jpg
456,"Секта. Невероятная история девушки, сбежавшей из секс-культа",Биографии других известных людей,backend/data/images/456.jpg
457,Сын Красного Корсара. Последние флибустьеры,Приключения,backend/data/images/457.jpg
458,Золотые земли. Его забрал лес,Фэнтези,backend/data/images/458.jpg
459,Баллада о нефритовой кости. Книга 1,Фэнтези,backend/data/images/459.jpg
460,Чужой выбор,Классическая проза,backend/data/images/460.jpg
461,Королевский порок,Исторический детектив,backend/data/images/461.jpg
462,Педро Парамо. Равнина в огне,Классическая проза,backend/data/images/462.jpg
463,Самое красное яблоко,Фэнтези,backend/data/images/463.jpg
464,Владычица степей,Фэнтези,backend/data/images/464.jpg
465,Маленький принц,Классическая проза,backend/data/images/465.jpg
466,Зажги свечу,Современная проза,backend/data/images/466.jpg
467,Влюбленная ведьма. Книга 2,Любовные романы,backend/data/images/467.jpg
468,Любовь и голуби,Классическая проза,backend/data/images/468.jpg
469,Продажное королевство,Фэнтези,backend/data/images/469.jpg
470,Аэлита. Гиперболоид инженера Гарина,Классическая проза,backend/data/images/470.jpg
471,Кредо викканки. Знаки и знамения,Фэнтези,backend/data/images/471.jpg
472,Когда сталкиваются звезды,Любовные романы,backend/data/images/472.jpg
473,Дубровский,Классическая проза,backend/data/images/473.jpg
474,Комплект Колдун Российской империи: Граф Аверин. Императорский Див. Демон из пустоши,Фэнтези,backend/data/images/474.jpg
475,Айвенго. Квентин Дорвард,Классическая проза,backend/data/images/475.jpg
476,Хоум-ран!,Любовные романы,backend/data/images/476.jpg
477,Нерон. Родовое проклятие,Исторические романы,backend/data/images/477.jpg
478,Ностальгия по крови,Детективный роман. Триллер,backend/data/images/478.jpg
479,Цветы для Элджернона,Классическая проза,backend/data/images/479.jpg
480,Модный салон феи-крестной,Фэнтези,backend/data/images/480.jpg
481,Атлант расправил плечи (комплект из 3 книг),Классическая проза,backend/data/images/481.jpg
482,Токийская головоломка,Детективный роман. Триллер,backend/data/images/482.jpg
483,Норвежский лес,Современная проза,backend/data/images/483.jpg
484,Ничего личного,Любовные романы,backend/data/images/484.jpg
485,Пропавшая,Детективный роман. Триллер,backend/data/images/485.jpg
486,Бремя страстей человеческих,Классическая проза,backend/data/images/486.jpg
487,Заводной апельсин,Классическая проза,backend/data/images/487.jpg
488,Девушка из стекла,Фэнтези,backend/data/images/488.jpg
489,Отцы и дети. Вечные истории,Классическая проза,backend/data/images/489.jpg
490,Сефира и другие предательства,Мистика. Ужасы,backend/data/images/490.jpg
491,Тайная поклонница,Любовные романы,backend/data/images/491.jpg
492,Династия Одуванчика. Книга 1. Милость королей,Фэнтези,backend/data/images/492.jpg
493,Дорогая Ава,Любовные романы,backend/data/images/493.jpg
494,Ларе-и-таэ,Фэнтези,backend/data/images/494.jpg
495,Черная изба,Современная проза,backend/data/images/495.jpg
496,Сожженные земли. Закон дитто: фантастический роман,Фэнтези,backend/data/images/496.jpg
497,Ночное дежурство,Мистика. Ужасы,backend/data/images/497.jpg
498,Запретный король волков,Фэнтези,backend/data/images/498.jpg
499,Забытый принц,Фэнтези,backend/data/images/499.jpg
500,Анафем,Научная фантастика,backend/data/images/500.jpg
501,Последние часы. Книга III. Терновая цепь,Фэнтези,backend/data/images/501.jpg
502,Белые ночи,Классическая проза,backend/data/images/502.jpg
503,Портфель учителя,Современная проза,backend/data/images/503.jpg
504,Пионеры. Прерия,Классическая проза,backend/data/images/504.jpg
505,Обещания и гранаты. Специальное издание,Любовные романы,backend/data/images/505.jpg
506,Тихая квартирантка,Детективный роман. Триллер,backend/data/images/506.jpg
507,"Дом, в котором... (подарочное издание)",Современная проза,backend/data/images/507.jpg
508,Оставь меня в прошлом,Любовные романы,backend/data/images/508.jpg
509,Легенда о Чжаояо. Книга 1,Фэнтези,backend/data/images/509.jpg
510,Ураганные войны. Специальное издание,Фэнтези,backend/data/images/510.jpg
511,Семь сестер. Атлас. История Па Солта,Любовные романы,backend/data/images/511.jpg
512,Скорбь Сатаны,Классическая проза,backend/data/images/512.jpg
513,Вернуть невесту. Ловушка для попаданки. Том 2,Фэнтези,backend/data/images/513.jpg
514,Этюд багровых вод,Фэнтези,backend/data/images/514.jpg
515,Идиот,Классическая проза,backend/data/images/515.jpg
516,Бегущий за ветром,Современная проза,backend/data/images/516.jpg
517,Бойцовский клуб,Современная проза,backend/data/images/517.jpg
518,В этот раз по-настоящему,Любовные романы,backend/data/images/518.jpg
519,"Горящая черная звезда, пепел, подобный снегу (#2)",Фэнтези,backend/data/images/519.jpg
520,Смерть пахнет сандалом,Современная проза,backend/data/images/520.jpg
521,120 дней Содома,Классическая проза,backend/data/images/521.jpg
522,Тайна леди Одли,Классическая проза,backend/data/images/522.jpg
523,Восхождение фениксов,Фэнтези,backend/data/images/523.jpg
524,Любовь между нами,Любовные романы,backend/data/images/524.jpg
525,Прах человеческий,Научная фантастика,backend/data/images/525.jpg
526,Медлячок,Любовные романы,backend/data/images/526.jpg
527,Тринадцатая карта,Детективный роман. Триллер,backend/data/images/527.jpg
528,Хорошая девочка должна умереть,Детективный роман. Триллер,backend/data/images/528.jpg
529,Пионовый фонарь,Классическая проза,backend/data/images/529.jpg
530,Чисто российское преступление: Самые громкие и загадочные уголовные дела XVIII – XX веков,Публицистика,backend/data/images/530.jpg
531,Столичный доктор. Кодекс врача,Фантастический боевик,backend/data/images/531.jpg
532,Ночь в Лиссабоне,Классическая проза,backend/data/images/532.jpg
533,Невеста Ноября,Фэнтези,backend/data/images/533.jpg
534,Принц Ардена,Фэнтези,backend/data/images/534.jpg
535,Пазолини. Умереть за идеи,Деятели культуры и искусства,backend/data/images/535.jpg
536,Мой любимый sputnik,Современная проза,backend/data/images/536.jpg
537,Локон с Изумрудного моря,Фэнтези,backend/data/images/537.jpg
538,Баллада о змеях и певчих птицах,Фэнтези,backend/data/images/538.jpg
539,Дети Морайбе,Научная фантастика,backend/data/images/539.jpg
540,Посторонний,Классическая проза,backend/data/images/540.jpg
541,Темный лес,Научная фантастика,backend/data/images/541.jpg
542,До тебя,Любовные романы,backend/data/images/542.jpg
543,Джейн Эйр,Классическая проза,backend/data/images/543.jpg
544,Ген Рафаила,Современная проза,backend/data/images/544.jpg
545,"Убийство в ""Восточном экспрессе""",Детективный роман. Триллер,backend/data/images/545.jpg
546,Поющие в терновнике,Любовные романы,backend/data/images/546.jpg
547,Романтическая комедия,Любовные романы,backend/data/images/547.jpg
548,Пойдем играть к Адамсам,Мистика. Ужасы,backend/data/images/548.jpg
549,Терновый Король,Фэнтези,backend/data/images/549.jpg
550,Дождись меня в нашем саду,Фэнтези,backend/data/images/550.jpg
551,Задача трех тел,Научная фантастика,backend/data/images/551.jpg
552,Пташка,Фэнтези,backend/data/images/552.jpg
553,Масло,Современная проза,backend/data/images/553.jpg
554,Рим — это я,Исторические романы,backend/data/images/554.jpg
555,Аня из Зеленых Мезонинов,Классическая проза,backend/data/images/555.jpg
556,Небо примет лучших,Фэнтези,backend/data/images/556.jpg
557,Самая страшная книга. Из бездны,Мистика. Ужасы,backend/data/images/557.jpg
558,Букет незабудок,Фэнтези,backend/data/images/558.jpg
559,Мертвые души: поэма,Классическая проза,backend/data/images/559.jpg
560,Хранитель Ардена,Фэнтези,backend/data/images/560.jpg
561,Пока мой труд не завершен,Мистика. Ужасы,backend/data/images/561.jpg
562,Жажда,Фэнтези,backend/data/images/562.jpg
563,"Там, где раки поют",Современная проза,backend/data/images/563.jpg
564,Письма к Безымянной,Фэнтези,backend/data/images/564.jpg
565,Ложь за ложь,Любовные романы,backend/data/images/565.jpg
566,Шанхайская головоломка,Детективный роман. Триллер,backend/data/images/566.jpg
567,Скорми его сердце лесу,Фэнтези,backend/data/images/567.jpg
568,Дневник памяти,Любовные романы,backend/data/images/568.jpg
569,Зов пустоты,Детективный роман. Триллер,backend/data/images/569.jpg
570,Правило номер 5,Любовные романы,backend/data/images/570.jpg
571,Возвращение злодейки любовного романа,Фэнтези,backend/data/images/571.jpg
572,Злодейский путь!.. Том 3,Фэнтези,backend/data/images/572.jpg
573,Черные георгины,Детективный роман. Триллер,backend/data/images/573.jpg
574,Убийство на улице Роз: роман,Детективный роман. Триллер,backend/data/images/574.jpg
575,Театр,Классическая проза,backend/data/images/575.jpg
576,Молчание ягнят,Боевик. Криминальный роман. Военный роман,backend/data/images/576.jpg
577,Обними,Любовные романы,backend/data/images/577.jpg
578,Escape. Приют,Фэнтези,backend/data/images/578.jpg
579,Шестерка воронов,Фэнтези,backend/data/images/579.jpg
580,Высшая правовая магическая академия (тетралогия),Фэнтези,backend/data/images/580.jpg
581,Дракон цвета смерти,Фэнтези,backend/data/images/581.jpg
582,Особое мнение: коллекция рассказов,Научная фантастика,backend/data/images/582.jpg
583,Герой нашего времени,Классическая проза,backend/data/images/583.jpg
584,Дети в гараже моего папы: роман,Современная проза,backend/data/images/584.jpg
585,Письма из Лондона,Современная проза,backend/data/images/585.jpg
586,Тайны Троссард-Холла,Фэнтези,backend/data/images/586.jpg
587,Мастер и Маргарита,Классическая проза,backend/data/images/587.jpg
588,Отцы и дети. Вечные истории,Классическая проза,backend/data/images/588.jpg
589,Искупление,Детективный роман. Триллер,backend/data/images/589.jpg
590,Безлюдное место: Как ловят маньяков в России,Публицистика,backend/data/images/590.jpg
591,Змеиное гнездо,Фэнтези,backend/data/images/591.jpg
592,Содержанка,Любовные романы,backend/data/images/592.jpg
593,Убийства по алфавиту,Детективный роман. Триллер,backend/data/images/593.jpg
594,Внутри убийцы,Детективный роман. Триллер,backend/data/images/594.jpg
595,Королева руин,Фэнтези,backend/data/images/595.jpg
596,Дама с букетом гвоздик,Классическая проза,backend/data/images/596.jpg
597,Месть магов,Фэнтези,backend/data/images/597.jpg
598,Чистокровный,Фэнтези,backend/data/images/598.jpg
599,Дым и железо,Фэнтези,backend/data/images/599.jpg
600,Холодный дом,Классическая проза,backend/data/images/600.jpg
601,Bromance. Книжный клуб спешит на помощь,Любовные романы,backend/data/images/601.jpg
602,Мистические истории. В плену у призраков,Классическая проза,backend/data/images/602.jpg
603,Аня из Шумящих Тополей,Классическая проза,backend/data/images/603.jpg
604,Грех и спасение,Фэнтези,backend/data/images/604.jpg
605,Древо ангела,Любовные романы,backend/data/images/605.jpg
606,Принцесса Дюны,Научная фантастика,backend/data/images/606.jpg
607,Удольфские тайны: роман,Классическая проза,backend/data/images/607.jpg
608,451° по Фаренгейту,Научная фантастика,backend/data/images/608.jpg
609,Избушка на костях,Фэнтези,backend/data/images/609.jpg
610,Дневник служанки,Детективный роман. Триллер,backend/data/images/610.jpg
611,#ЛюбовьНенависть Кн.1,Любовные романы,backend/data/images/611.jpg
612,Похищение мечей,Фэнтези,backend/data/images/612.jpg
613,Торжество долгой ночи,Фэнтези,backend/data/images/613.jpg
614,Голодные игры,Фэнтези,backend/data/images/614.jpg
615,Крестейр. Начало: роман,Фэнтези,backend/data/images/615.jpg
616,Без любви не считается,Любовные романы,backend/data/images/616.jpg
617,Идиот,Классическая проза,backend/data/images/617.jpg
618,"Чёрная бабочка, летящая во тьму (#1)",Книги,backend/data/images/618.jpg
619,Запрет на браки в Чосоне. Том 1,Любовные романы,backend/data/images/619.jpg
620,Восстание клана Чан,Фэнтези,backend/data/images/620.jpg
621,Эхо чужих желаний: роман,Современная проза,backend/data/images/621.jpg
622,Хорошая компания,Современная проза,backend/data/images/622.jpg
623,Мессия Дюны. Дети Дюны,Научная фантастика,backend/data/images/623.jpg
624,Доктор Гарин,Современная проза,backend/data/images/624.jpg
625,Жребий праведных грешниц,Современная проза,backend/data/images/625.jpg
626,Анин Дом Мечты,Классическая проза,backend/data/images/626.jpg
627,Кодекс Алеры. Книга 3. Легионы Калара,Фэнтези,backend/data/images/627.jpg
628,Лже-Нерон. Иеффай и его дочь,Классическая проза,backend/data/images/628.jpg
629,Новые райские кущи: роман,Любовные романы,backend/data/images/629.jpg
630,День триффидов,Научная фантастика,backend/data/images/630.jpg
631,Демон спускается с гор,Книги,backend/data/images/631.jpg
632,Опасная невинность,Любовные романы,backend/data/images/632.jpg
633,Правила игры,Любовные романы,backend/data/images/633.jpg
634,Зажигая звезды,Любовные романы,backend/data/images/634.jpg
635,Янтарь рассеивает тьму,Фэнтези,backend/data/images/635.jpg
636,Дюна: Дюна. Мессия Дюны. Дети Дюны,Научная фантастика,backend/data/images/636.jpg
637,"Зло, которое творят люди: роман",Детективный роман. Триллер,backend/data/images/637.jpg
638,Гончие Лилит,Детективный роман. Триллер,backend/data/images/638.jpg
639,Джентльмены предпочитают блондинок,Классическая проза,backend/data/images/639.jpg
640,"Система ""Спаси-Себя-Сам"" для Главного Злодея. Том 2 (книга+тату)",Фэнтези,backend/data/images/640.jpg
641,Последнее приключение странника,Современная проза,backend/data/images/641.jpg
642,Невольница. Книга 2,Любовные романы,backend/data/images/642.jpg
643,Загадочное происшествие в Стайлзе,Детективный роман. Триллер,backend/data/images/643.jpg
644,Морфий,Классическая проза,backend/data/images/644.jpg
645,"Зло, действуй!",Фэнтези,backend/data/images/645.jpg
646,Мир Аматорио. Соблазн,Любовные романы,backend/data/images/646.jpg
647,Варяг. Мечи франков,Фантастический боевик,backend/data/images/647.jpg
648,Инспекция. Число Ревекки,Современная проза,backend/data/images/648.jpg
649,Герой нашего времени: роман,Классическая проза,backend/data/images/649.jpg
650,Портрет Дориана Грея. Вечные истории,Классическая проза,backend/data/images/650.jpg
651,Дураков нет,Современная проза,backend/data/images/651.jpg
652,Клатбище домашних жывотных,Мистика. Ужасы,backend/data/images/652.jpg
653,Разбойница (#5),Фэнтези,backend/data/images/653.jpg
654,Дело Аляски Сандерс,Детективный роман. Триллер,backend/data/images/654.jpg
655,Дом пепла,Фэнтези,backend/data/images/655.jpg
656,Золотой дом,Современная проза,backend/data/images/656.jpg
657,Война и мир. Том I-II,Классическая проза,backend/data/images/657.jpg
658,Правда о деле Гарри Квеберта : роман,Детективный роман. Триллер,backend/data/images/658.jpg
659,И завтра буду любить тебя. Книга 2,Любовные романы,backend/data/images/659.jpg
660,Темный принц,Фэнтези,backend/data/images/660.jpg
661,Фейри-профайлер,Детективный роман. Триллер,backend/data/images/661.jpg
662,Из Лондона с любовью,Любовные романы,backend/data/images/662.jpg
663,Трудно быть богом: фантастическая повесть,Научная фантастика,backend/data/images/663.jpg
664,"Магазин чудес ""Намия""",Книги,backend/data/images/664.jpg
665,"Ибо мы грешны: роман, рассказы",Мистика. Ужасы,backend/data/images/665.jpg
666,Подводная библиотека,Фэнтези,backend/data/images/666.jpg
667,"Ресторан ""Кумихо"". Кастинг для покойников",Фэнтези,backend/data/images/667.jpg
668,Похождения бравого солдата Швейка,Классическая проза,backend/data/images/668.jpg
669,На тихой улице,Детективный роман. Триллер,backend/data/images/669.jpg
670,Их темная Дарлинг,Фэнтези,backend/data/images/670.jpg
671,Аконит,Фэнтези,backend/data/images/671.jpg
672,Агрессор,Любовные романы,backend/data/images/672.jpg
673,Сэйв,Любовные романы,backend/data/images/673.jpg
674,Под стеклянным колпаком,Современная проза,backend/data/images/674.jpg
675,Фундаментальные законы человеческой глупости,Публицистика,backend/data/images/675.jpg
676,Две мелодии сердца. Путеводитель оптимистки с разбитым сердцем,Любовные романы,backend/data/images/676.jpg
677,Лягушки,Современная проза,backend/data/images/677.jpg
678,Дубровский,Классическая проза,backend/data/images/678.jpg
679,Факультет Изгнанных,Фэнтези,backend/data/images/679.jpg
680,Жуткое утешение,Фэнтези,backend/data/images/680.jpg
681,Леди тьмы (#1),Фэнтези,backend/data/images/681.jpg
682,Крадущийся в тени,Фэнтези,backend/data/images/682.jpg
683,Лисьи Броды,Фэнтези,backend/data/images/683.jpg
684,Бисцион. Лимитированное издание дилогии,Любовные романы,backend/data/images/684.jpg
685,Стихийный мир. Султан Эфир,Фэнтези,backend/data/images/685.jpg
686,Любовь и голуби,Классическая проза,backend/data/images/686.jpg
687,Не его Золотая девушка,Любовные романы,backend/data/images/687.jpg
688,Моя вина,Любовные романы,backend/data/images/688.jpg
689,Аня из Инглсайда,Классическая проза,backend/data/images/689.jpg
690,Дело шести безумцев,Детективный роман. Триллер,backend/data/images/690.jpg
691,Покорение дворца Яньси. Том 1. Путь служанки: роман,Любовные романы,backend/data/images/691.jpg
692,Демиан,Классическая проза,backend/data/images/692.jpg
693,Метель,Современная проза,backend/data/images/693.jpg
694,Пленница кракена,Фэнтези,backend/data/images/694.jpg
695,Корни ненависти (#3),Детективный роман. Триллер,backend/data/images/695.jpg
696,Нарушенная клятва (#1),Фэнтези,backend/data/images/696.jpg
697,Собор Парижской Богоматери,Классическая проза,backend/data/images/697.jpg
698,Старость аксолотля,Научная фантастика,backend/data/images/698.jpg
699,Позывной «Оборотень»,Фантастический боевик,backend/data/images/699.jpg
700,Книга Азраила,Фэнтези,backend/data/images/700.jpg
701,Сын вечности,Фэнтези,backend/data/images/701.jpg
702,Хроники Амбера. Девять принцев Амбера. Ружья Авалона,Фэнтези,backend/data/images/702.jpg
703,Евгений Онегин. Борис Годунов. Маленькие трагедии,Поэзия,backend/data/images/703.jpg
704,Восхождение Ганнибала,Детективный роман. Триллер,backend/data/images/704.jpg
705,Supermarket,Детективный роман. Триллер,backend/data/images/705.jpg
706,Отель,Классическая проза,backend/data/images/706.jpg
707,Ганнибал,Детективный роман. Триллер,backend/data/images/707.jpg
708,Письмо любви к тебе,Любовные романы,backend/data/images/708.jpg
709,Возвращение в кафе Полустанок,Современная проза,backend/data/images/709.jpg
710,Книжный вор,Современная проза,backend/data/images/710.jpg
711,Королевство шипов и роз,Фэнтези,backend/data/images/711.jpg
712,Тысяча сияющих солнц,Современная проза,backend/data/images/712.jpg
713,Луна над горой,Классическая проза,backend/data/images/713.jpg
714,Язычник,Современная проза,backend/data/images/714.jpg
715,Хрупкое равновесие,Классическая проза,backend/data/images/715.jpg
716,Фанатка драконов в академии вампиров,Фэнтези,backend/data/images/716.jpg
717,Задача трех тел,Научная фантастика,backend/data/images/717.jpg
718,Один сон на двоих,Мистика. Ужасы,backend/data/images/718.jpg
719,Тушеная свинина,Современная проза,backend/data/images/719.jpg
720,Ошибка,Любовные романы,backend/data/images/720.jpg
721,Я подарю тебе крылья. Лимитированное издание трилогии,Любовные романы,backend/data/images/721.jpg
722,Наследие Рэйны. Все дороги мира,Фэнтези,backend/data/images/722.jpg
723,Это безумие,Классическая проза,backend/data/images/723.jpg
724,Красный дракон,Детективный роман. Триллер,backend/data/images/724.jpg
725,Расколотая свобода (#1),Любовные романы,backend/data/images/725.jpg
726,Тафгай,Любовные романы,backend/data/images/726.jpg
727,Воздушные змеи,Современная проза,backend/data/images/727.jpg
728,365 воинов внутри меня. Сила нежных стихов,Поэзия,backend/data/images/728.jpg
729,Твоя вина: роман,Любовные романы,backend/data/images/729.jpg
730,Семь безликих святых,Фэнтези,backend/data/images/730.jpg
731,"Мифы Русского Севера, Сибири и Дальнего Востока",Фольклор,backend/data/images/731.jpg
732,Дом-убийца в кольце огня,Детективный роман. Триллер,backend/data/images/732.jpg
733,Фауст,Классическая проза,backend/data/images/733.jpg
734,Теорема сводных,Любовные романы,backend/data/images/734.jpg
735,"Will. Чему может научить нас простой парень, ставший самым высокооплачиваемым актером Голливуда",Деятели культуры и искусства,backend/data/images/735.jpg
736,Кошкин стол,Современная проза,backend/data/images/736.jpg
737,Терпение дьявола: роман,Детективный роман. Триллер,backend/data/images/737.jpg
738,Неночь,Фантастический боевик,backend/data/images/738.jpg
739,Капитанская дочка,Классическая проза,backend/data/images/739.jpg
740,Пирог с крапивой и золой. Настой из памяти и веры,Фэнтези,backend/data/images/740.jpg
741,Поцелуй смерти,Фэнтези,backend/data/images/741.jpg
742,Страх и его слуга,Современная проза,backend/data/images/742.jpg
743,Магазин работает до наступления тьмы,Мистика. Ужасы,backend/data/images/743.jpg
744,Жнец,Современная проза,backend/data/images/744.jpg
745,Безупречные создания,Детективный роман. Триллер,backend/data/images/745.jpg
746,Три ипостаси Божества,Научная фантастика,backend/data/images/746.jpg
747,Летняя любовь: дачные истории,Любовные романы,backend/data/images/747.jpg
748,Пустыня любви,Классическая проза,backend/data/images/748.jpg
749,Евгений Онегин. Вечные истории. Young Adult,Поэзия,backend/data/images/749.jpg
750,Сказание о Ли Лань (#1),Фэнтези,backend/data/images/750.jpg
751,Градус любви,Любовные романы,backend/data/images/751.jpg
752,Маленькие женщины,Классическая проза,backend/data/images/752.jpg
753,Малазанская книга павших. Книга 5. Полуночный прилив,Фэнтези,backend/data/images/753.jpg
754,Сколько золота в этих холмах,Современная проза,backend/data/images/754.jpg
755,Девчата,Классическая проза,backend/data/images/755.jpg
756,"Хорошая девочка, дурная кровь",Детективный роман. Триллер,backend/data/images/756.jpg
757,И вспыхнет пламя,Фэнтези,backend/data/images/757.jpg
758,Диковинные истории,Мистика. Ужасы,backend/data/images/758.jpg
759,"Игра престолов. Цикл ""Песнь льда и огня""",Фэнтези,backend/data/images/759.jpg
760,Книжная кухня: роман,Современная проза,backend/data/images/760.jpg
761,Мелодия для короля,Современная проза,backend/data/images/761.jpg
762,Королевство гнева и тумана,Фэнтези,backend/data/images/762.jpg
763,Синий шепот. Книга 1,Фэнтези,backend/data/images/763.jpg
764,Твоя по ошибке,Фэнтези,backend/data/images/764.jpg
765,Леди-чертовка,Любовные романы,backend/data/images/765.jpg
766,Нейромант. Трилогия «Киберпространство»,Научная фантастика,backend/data/images/766.jpg
767,Бояться поздно,Современная проза,backend/data/images/767.jpg
768,Мастер и Маргарита,Классическая проза,backend/data/images/768.jpg
769,Аптека Снежного барса,Фэнтези,backend/data/images/769.jpg
770,У холмов есть подкаст. 24 истории о серийных убийцах со всего света,Публицистика,backend/data/images/770.jpg
771,Убийство в заснеженных горах,Детективный роман. Триллер,backend/data/images/771.jpg
772,"Экипаж «Меконга». Ур, сын Шама: романы",Научная фантастика,backend/data/images/772.jpg
773,Когда наступает ночь,Любовные романы,backend/data/images/773.jpg
774,Аватар короля. Истинный вольный. Книга 2,Фэнтези,backend/data/images/774.jpg
775,Темный рассвет,Фантастический боевик,backend/data/images/775.jpg
776,Столичный доктор,Фэнтези,backend/data/images/776.jpg
777,Человек из СССР,Классическая проза,backend/data/images/777.jpg
778,Наша вина,Любовные романы,backend/data/images/778.jpg
779,Темный лес,Научная фантастика,backend/data/images/779.jpg
780,Маджериум. Инициация тьмой,Фэнтези,backend/data/images/780.jpg
781,Мистер Вечный Канун. Специальное издание,Фэнтези,backend/data/images/781.jpg
782,Мессия Дюны: фантастический роман,Научная фантастика,backend/data/images/782.jpg
783,Годсгрейв,Фантастический боевик,backend/data/images/783.jpg
784,Исповедь маски,Классическая проза,backend/data/images/784.jpg
785,Государи Московские. Бремя власти. Симеон Гордый: романы,Исторические романы,backend/data/images/785.jpg
786,Странник по звездам,Классическая проза,backend/data/images/786.jpg
787,Похоронный концерт,Современная проза,backend/data/images/787.jpg
788,Мост короля Людовика Святого,Классическая проза,backend/data/images/788.jpg
789,Ледяная колыбель,Приключения,backend/data/images/789.jpg
790,Славянские мифы,Фольклор,backend/data/images/790.jpg
791,Око небесное,Научная фантастика,backend/data/images/791.jpg
792,"Родом из детства. Добрые и смешные рассказы о людях и тех, кто рядом с ними",Современная проза,backend/data/images/792.jpg
793,Дом драконов (комплект из 2 книг),Фэнтези,backend/data/images/793.jpg
794,Vita Nostra: Собирая осколки,Фэнтези,backend/data/images/794.jpg
795,Аэропорт: роман,Классическая проза,backend/data/images/795.jpg
796,Колесо судьбы,Фэнтези,backend/data/images/796.jpg
797,Ропот бездны,Фэнтези,backend/data/images/797.jpg
798,"Галактическая одиссея: роман, повести",Научная фантастика,backend/data/images/798.jpg
799,Преступление и наказание,Классическая проза,backend/data/images/799.jpg
800,Восход над деревом гинкго,Фэнтези,backend/data/images/800.jpg
801,"Система ""Спаси-себя-сам"" для Главного Злодея. Том 1",Фэнтези,backend/data/images/801.jpg
802,Потерянный Рай. Возвращенный Рай,Поэзия,backend/data/images/802.jpg
803,Кукушонок из семьи дровосеков,Иронический детектив,backend/data/images/803.jpg
804,Вечерняя звезда,Фэнтези,backend/data/images/804.jpg
805,Миссис Все на свете,Любовные романы,backend/data/images/805.jpg
806,Сквозь топь и туман,Фэнтези,backend/data/images/806.jpg
807,Сумерки,Мистика. Ужасы,backend/data/images/807.jpg
808,Норвежский лес,Современная проза,backend/data/images/808.jpg
809,Укрытие. Книга 1. Иллюзия,Научная фантастика,backend/data/images/809.jpg
810,Лужайкина месть,Современная проза,backend/data/images/810.jpg
811,Кукушонок,Детективный роман. Триллер,backend/data/images/811.jpg
812,Плач смерти,Фэнтези,backend/data/images/812.jpg
813,Обида Крошечки-Хаврошечки,Иронический детектив,backend/data/images/813.jpg
814,Офсайд,Любовные романы,backend/data/images/814.jpg
815,Скитальцы. Пьесы 1918-1924,Классическая проза,backend/data/images/815.jpg
816,Японские мифы,Фольклор,backend/data/images/816.jpg
817,Авантюристка в Академии Драконов,Фэнтези,backend/data/images/817.jpg
818,Отчаянные средства. Возвращение на родину: романы,Классическая проза,backend/data/images/818.jpg
819,Тень с Севера,Фэнтези,backend/data/images/819.jpg
820,Душа меча. Лисья тень. Книга 2,Фэнтези,backend/data/images/820.jpg
821,Хижина дяди Тома. Агнесса из Сорренто,Классическая проза,backend/data/images/821.jpg
822,Война и мир. Том III-IV,Классическая проза,backend/data/images/822.jpg
823,Дом огней,Детективный роман. Триллер,backend/data/images/823.jpg
824,Янтарное сердце,Фэнтези,backend/data/images/824.jpg
825,Ковен тысячи костей,Фэнтези,backend/data/images/825.jpg
826,Время шипов,Фэнтези,backend/data/images/826.jpg
827,Смерть в облаках,Детективный роман. Триллер,backend/data/images/827.jpg
828,Atomic Heart. Предыстория «Предприятия 3826». Специальное издание: роман,Фэнтези,backend/data/images/828.jpg
829,Эти Золотые мальчики,Любовные романы,backend/data/images/829.jpg
830,Сквозь кровь и пламя,Фэнтези,backend/data/images/830.jpg
831,Коварный брамин из Ассама. Гибель империи. Реванш Янеса,Классическая проза,backend/data/images/831.jpg
832,Тайны Дивнозёрья,Фэнтези,backend/data/images/832.jpg
833,Паучье княжество,Фэнтези,backend/data/images/833.jpg
834,Обитель Апельсинового Дерева,Фэнтези,backend/data/images/834.jpg
835,#НенавистьЛюбовь. Книга вторая,Любовные романы,backend/data/images/835.jpg
836,Будет кровь,Мистика. Ужасы,backend/data/images/836.jpg
837,Сердце-пламень,Фэнтези,backend/data/images/837.jpg
838,Месть Кровавого Жнеца,Мистика. Ужасы,backend/data/images/838.jpg
839,Счастливый удар,Любовные романы,backend/data/images/839.jpg
840,"Ведьма, тень и черный кот",Фэнтези,backend/data/images/840.jpg
841,Вы найдете это в библиотеке,Современная проза,backend/data/images/841.jpg
842,"Те, кто желает мне смерти",Боевик. Криминальный роман. Военный роман,backend/data/images/842.jpg
843,Дикарь,Фэнтези,backend/data/images/843.jpg
844,Чудище Хоклайнов,Классическая проза,backend/data/images/844.jpg
845,Дети Дюны,Научная фантастика,backend/data/images/845.jpg
846,Не говори маме,Современная проза,backend/data/images/846.jpg
847,Дикарь и лебедь,Фэнтези,backend/data/images/847.jpg
848,Электра,Современная проза,backend/data/images/848.jpg
849,Братья Карамазовы,Классическая проза,backend/data/images/849.jpg
850,Заживо в темноте,Детективный роман. Триллер,backend/data/images/850.jpg
851,Бог-Император Дюны,Научная фантастика,backend/data/images/851.jpg
852,"Атлас, составленный небом",Современная проза,backend/data/images/852.jpg
853,Мальчик-капитальчик. Джим с Пиккадилли. Даровые деньги,Классическая проза,backend/data/images/853.jpg
854,Тень и кость,Фэнтези,backend/data/images/854.jpg
855,Джейн Остен расследует убийство,Детективный роман. Триллер,backend/data/images/855.jpg
856,Убийства во Флит-хаусе,Любовные романы,backend/data/images/856.jpg
857,Над пропастью во ржи,Классическая проза,backend/data/images/857.jpg
858,Любимчик Эпохи: роман,Современная проза,backend/data/images/858.jpg
859,У меня к вам несколько вопросов,Детективный роман. Триллер,backend/data/images/859.jpg
860,Бронепароходы. Роман,Исторические романы,backend/data/images/860.jpg
861,Горе от ума,Классическая проза,backend/data/images/861.jpg
862,Настоящая история магии. От ритуалов каменного века и друидов до алхимии и Колеса года,Фольклор,backend/data/images/862.jpg
863,Демонология Сангомара. Часть их боли,Фэнтези,backend/data/images/863.jpg
864,Цвет пурпурный,Современная проза,backend/data/images/864.jpg
865,Клинок молчания,Детективный роман. Триллер,backend/data/images/865.jpg
866,День опричника,Современная проза,backend/data/images/866.jpg
867,"Лабиринт чародея. Вымыслы, грезы и химеры",Научная фантастика,backend/data/images/867.jpg
868,Пена. Дамское Счастье,Классическая проза,backend/data/images/868.jpg
869,Заживо в темноте,Детективный роман. Триллер,backend/data/images/869.jpg
870,Уиллард и его кегельбанные призы,Современная проза,backend/data/images/870.jpg
871,12 месяцев до алтаря,Любовные романы,backend/data/images/871.jpg
872,Божественный спор,Фэнтези,backend/data/images/872.jpg
873,Фортуна на стороне мертвеца,Детективный роман. Триллер,backend/data/images/873.jpg
874,Собачье сердце,Классическая проза,backend/data/images/874.jpg
875,Долгая Прогулка,Мистика. Ужасы,backend/data/images/875.jpg
876,Не вычеркивай меня из списка...,Современная проза,backend/data/images/876.jpg
877,Сквозь туман меня не видно,Фэнтези,backend/data/images/877.jpg
878,Знакомство с убийцей,Детективный роман. Триллер,backend/data/images/878.jpg
879,Во власти выбора,Любовные романы,backend/data/images/879.jpg
880,Песня русалки,Фэнтези,backend/data/images/880.jpg
881,Солярис,Научная фантастика,backend/data/images/881.jpg
882,Нити жизни,Мистика. Ужасы,backend/data/images/882.jpg
883,Королевство крыльев и руин,Фэнтези,backend/data/images/883.jpg
884,Остров мертвых. Умереть в Италбаре,Фэнтези,backend/data/images/884.jpg
885,Аня из Авонлеи,Классическая проза,backend/data/images/885.jpg
886,Монах. Анаконда. Венецианский убийца,Классическая проза,backend/data/images/886.jpg
887,Война и мир. Том 1-4 (комплект из 2 книг),Классическая проза,backend/data/images/887.jpg
888,Легенда о вороне и лотосе,Любовные романы,backend/data/images/888.jpg
889,Олений завет,Фэнтези,backend/data/images/889.jpg
890,"Мистические истории. Истории, рассказанные после ужина",Классическая проза,backend/data/images/890.jpg
891,Все сложно,Любовные романы,backend/data/images/891.jpg
892,Спрятанные реки,Современная проза,backend/data/images/892.jpg
893,"Дом, в котором...",Современная проза,backend/data/images/893.jpg
894,Прокляты и убиты: роман,Современная проза,backend/data/images/894.jpg
895,Королевская кровь-11. Чужие боги,Фэнтези,backend/data/images/895.jpg
896,Любимая адептка его величества. Книга 2,Фэнтези,backend/data/images/896.jpg
897,Опережая некролог,Деятели культуры и искусства,backend/data/images/897.jpg
898,Звезды,Научная фантастика,backend/data/images/898.jpg
899,Буря в стакане беды,Иронический детектив,backend/data/images/899.jpg
900,Птицы,Фэнтези,backend/data/images/900.jpg
901,Герцог и я,Любовные романы,backend/data/images/901.jpg
902,Шантарам (комплект из 2 книг),Современная проза,backend/data/images/902.jpg
903,Девчата,Классическая проза,backend/data/images/903.jpg
904,Вендиго,Классическая проза,backend/data/images/904.jpg
905,Ночь девы,Фэнтези,backend/data/images/905.jpg
906,Потерявшие солнце. Том 1,Фэнтези,backend/data/images/906.jpg
907,Убийство Роджера Экройда,Детективный роман. Триллер,backend/data/images/907.jpg
908,"Злодейский путь!.. Том 1, 2",Фэнтези,backend/data/images/908.jpg
909,Глазами жертвы,Детективный роман. Триллер,backend/data/images/909.jpg
910,Мы - искры. Трилогия в одном томе,Современная проза,backend/data/images/910.jpg
911,Прядущая. И приведут дороги,Фэнтези,backend/data/images/911.jpg
912,Дебютная постановка. Том 1,Детективный роман. Триллер,backend/data/images/912.jpg
913,По следам Александра Великого,Фантастический боевик,backend/data/images/913.jpg
914,Золотой человек,Научная фантастика,backend/data/images/914.jpg
915,Руны огненных птиц,Фэнтези,backend/data/images/915.jpg
916,Дворец потерянных душ. Наследник Сентерии (#2),Фэнтези,backend/data/images/916.jpg
917,"Паломничество на Землю: романы, повесть, рассказы",Научная фантастика,backend/data/images/917.jpg
918,Камера обскура,Классическая проза,backend/data/images/918.jpg
919,Воздушный народ. Жестокий принц,Фэнтези,backend/data/images/919.jpg
920,Проклятая картина,Детективный роман. Триллер,backend/data/images/920.jpg
921,Упырь,Классическая проза,backend/data/images/921.jpg
922,Вишневый сад,Классическая проза,backend/data/images/922.jpg
923,Поселок,Научная фантастика,backend/data/images/923.jpg
924,Алхимик,Современная проза,backend/data/images/924.jpg
925,Танец королей и воров,Фэнтези,backend/data/images/925.jpg
926,Квест Академия,Фэнтези,backend/data/images/926.jpg
927,Пламя одержимости,Детективный роман. Триллер,backend/data/images/927.jpg
928,Замок Броуди,Классическая проза,backend/data/images/928.jpg
929,Ромео и Джульетта (с иллюстрациями Джо Котляр),Классическая проза,backend/data/images/929.jpg
930,Незнакомка из Уайлдфелл-Холла,Классическая проза,backend/data/images/930.jpg
931,Поймать зайца,Современная проза,backend/data/images/931.jpg
932,"Удушающая сладость, заиндевелый пепел. Книга 1",Фэнтези,backend/data/images/932.jpg
933,Аромат смерти,Детективный роман. Триллер,backend/data/images/933.jpg
934,Воздушный народ. Злой король,Фэнтези,backend/data/images/934.jpg
935,Кристальный пик,Фэнтези,backend/data/images/935.jpg
936,Азиль,Фэнтези,backend/data/images/936.jpg
937,Бабушка сказала сидеть тихо: роман,Современная проза,backend/data/images/937.jpg
938,Джозеф Антон,Современная проза,backend/data/images/938.jpg
939,Тридцать седьмое полнолуние,Фэнтези,backend/data/images/939.jpg
940,Сойка-пересмешница,Фэнтези,backend/data/images/940.jpg
941,Мертвые девочки не проболтаются,Детективный роман. Триллер,backend/data/images/941.jpg
942,Королевство душ,Фэнтези,backend/data/images/942.jpg
943,Повести Белкина. Вечные истории,Классическая проза,backend/data/images/943.jpg
944,Штурм и буря,Фэнтези,backend/data/images/944.jpg
945,Спящие красавицы,Мистика. Ужасы,backend/data/images/945.jpg
946,Империя вампиров,Фэнтези,backend/data/images/946.jpg
947,Метро 2033,Фантастический боевик,backend/data/images/947.jpg
948,Крах и восход,Фэнтези,backend/data/images/948.jpg
949,Культ,Детективный роман. Триллер,backend/data/images/949.jpg
950,Притворись моим,Фэнтези,backend/data/images/950.jpg
951,Академия магии на дистанционке,Фэнтези,backend/data/images/951.jpg
952,Учитель драмы,Детективный роман. Триллер,backend/data/images/952.jpg
953,Троецарствие: роман,Классическая проза,backend/data/images/953.jpg
954,"Картье. Неизвестная история семьи, создавшей империю роскоши",Деятели культуры и искусства,backend/data/images/954.jpg
955,Хорошие жены. Вечные истории,Классическая проза,backend/data/images/955.jpg
956,Твое сердце будет разбито,Любовные романы,backend/data/images/956.jpg
957,Квендель. Книга 1. Сумрачный лес,Фэнтези,backend/data/images/957.jpg
958,"Горячий снег. Батальоны просят огня. Последние залпы. Юность командиров: роман, повести",Классическая проза,backend/data/images/958.jpg
959,Вернуть невесту. Ловушка для попаданки. Том 1,Фэнтези,backend/data/images/959.jpg
960,Бунтарка в академии. Турнир Четырех Стихий,Фэнтези,backend/data/images/960.jpg
961,Елизавета I. Брачная игра,Исторические романы,backend/data/images/961.jpg
962,Союз хищников,Детективный роман. Триллер,backend/data/images/962.jpg
963,Заповедник гоблинов: романы,Научная фантастика,backend/data/images/963.jpg
964,По осколкам твоего сердца,Любовные романы,backend/data/images/964.jpg
965,Ярость Шэнь Мяо,Фэнтези,backend/data/images/965.jpg
966,Мое прекрасное искупление,Любовные романы,backend/data/images/966.jpg
967,Искра жизни,Классическая проза,backend/data/images/967.jpg
968,До самого рая,Современная проза,backend/data/images/968.jpg
969,Пятизвездочный миллиардер,Современная проза,backend/data/images/969.jpg
970,Коллекционер,Классическая проза,backend/data/images/970.jpg
971,Восхитительная ведьма. Книга первая,Любовные романы,backend/data/images/971.jpg
972,Анна Каренина. Вечные истории. Young Adult,Классическая проза,backend/data/images/972.jpg
973,Печать Нострадамуса. Мрачное наследие,Фэнтези,backend/data/images/973.jpg
974,Транзитная зона,Детективный роман. Триллер,backend/data/images/974.jpg
975,Демонология Сангомара. Искра войны,Фэнтези,backend/data/images/975.jpg
976,"Комплект Виконт де Бражелон, или Еще десять лет спустя. Том 1. Том 2 (2 книги)",Классическая проза,backend/data/images/976.jpg
977,Убийство на поле для гольфа,Детективный роман. Триллер,backend/data/images/977.jpg
978,И только сладкие моменты длятся вечно,Любовные романы,backend/data/images/978.jpg
979,Нечестная игра,Любовные романы,backend/data/images/979.jpg
980,О мышах и людях. Жемчужина,Классическая проза,backend/data/images/980.jpg
981,Королевство стужи и звездного света,Фэнтези,backend/data/images/981.jpg
982,Возмездие Сандокана. Возвращение Момпрачема: романы,Классическая проза,backend/data/images/982.jpg
983,Осколки света,Современная проза,backend/data/images/983.jpg
984,Филькина круча,Современная проза,backend/data/images/984.jpg
985,Код красный,Любовные романы,backend/data/images/985.jpg
986,Дворянин поневоле,Фэнтези,backend/data/images/986.jpg
987,Внутри убийцы,Детективный роман. Триллер,backend/data/images/987.jpg
988,Воспоминания о прошлом Земли. Трилогия,Научная фантастика,backend/data/images/988.jpg
989,Стигмалион: роман,Современная проза,backend/data/images/989.jpg
990,Нью-Йоркская трилогия,Современная проза,backend/data/images/990.jpg
991,Восхождение Светлого: NoSugar Books,Фэнтези,backend/data/images/991.jpg
992,Курт Кобейн. Личные дневники лидера Nirvana,Музыканты,backend/data/images/992.jpg
993,Чудовище,Фэнтези,backend/data/images/993.jpg
994,Играй!,Современная проза,backend/data/images/994.jpg
995,Последняя осень. Буря,Любовные романы,backend/data/images/995.jpg
996,Бессердечные изгои. Падший враг,Любовные романы,backend/data/images/996.jpg
997,Воздушный народ. Королева ничего,Фэнтези,backend/data/images/997.jpg
998,Элита Горскейра. Мой сводный некромант,Фэнтези,backend/data/images/998.jpg
999,Мистические истории. Наследство астролога,Классическая проза,backend/data/images/999.jpg
